{
  "config_general": {
    "lighteval_sha": "?",
    "num_fewshot_seeds": 1,
    "override_batch_size": 8,
    "max_samples": null,
    "job_id": 0,
    "start_time": 1116847.749831551,
    "end_time": 1143264.392280031,
    "total_evaluation_time_secondes": "26416.642448480008",
    "model_name": "neuralmagic/Meta-Llama-3.1-70B-Instruct-FP8",
    "model_sha": "f8d0de9953e442c2fd4da32a1d4da8afb8c9452e",
    "model_dtype": null,
    "model_size": "67.67 GB"
  },
  "results": {
    "leaderboard|arc:challenge|25": {
      "acc": 0.674061433447099,
      "acc_stderr": 0.01369743246669324,
      "acc_norm": 0.71160409556314,
      "acc_norm_stderr": 0.013238394422428176
    },
    "leaderboard|hellaswag|10": {
      "acc": 0.6652061342362079,
      "acc_stderr": 0.004709538864916312,
      "acc_norm": 0.8690499900418244,
      "acc_norm_stderr": 0.0033665623627415573
    },
    "leaderboard|truthfulqa:mc|0": {
      "truthfulqa_mc1": 0.4222766217870257,
      "truthfulqa_mc1_stderr": 0.017290733254248174,
      "truthfulqa_mc2": 0.6061622411822482,
      "truthfulqa_mc2_stderr": 0.01464124325947838
    },
    "leaderboard|winogrande|5": {
      "acc": 0.8216258879242304,
      "acc_stderr": 0.010759352014855932
    },
    "leaderboard|gsm8k|5": {
      "qem": 0.0,
      "qem_stderr": 0.0
    },
    "all": {
      "acc": 0.7202978185358457,
      "acc_stderr": 0.009722107782155162,
      "acc_norm": 0.7903270428024822,
      "acc_norm_stderr": 0.008302478392584866,
      "truthfulqa_mc1": 0.4222766217870257,
      "truthfulqa_mc1_stderr": 0.017290733254248174,
      "truthfulqa_mc2": 0.6061622411822482,
      "truthfulqa_mc2_stderr": 0.01464124325947838,
      "qem": 0.0,
      "qem_stderr": 0.0
    }
  },
  "versions": {
    "leaderboard|arc:challenge|25": 0,
    "leaderboard|gsm8k|5": 0,
    "leaderboard|hellaswag|10": 0,
    "leaderboard|truthfulqa:mc|0": 0,
    "leaderboard|winogrande|5": 0
  },
  "config_tasks": {
    "leaderboard|arc:challenge": {
      "name": "arc:challenge",
      "prompt_function": "arc",
      "hf_repo": "ai2_arc",
      "hf_subset": "ARC-Challenge",
      "metric": [
        {
          "metric_name": "acc",
          "higher_is_better": true,
          "category": "8",
          "use_case": "1",
          "sample_level_fn": "compute",
          "corpus_level_fn": "mean"
        },
        {
          "metric_name": "acc_norm",
          "higher_is_better": true,
          "category": "8",
          "use_case": "1",
          "sample_level_fn": "compute",
          "corpus_level_fn": "mean"
        }
      ],
      "hf_revision": null,
      "hf_filter": null,
      "hf_avail_splits": [
        "train",
        "test"
      ],
      "trust_dataset": true,
      "evaluation_splits": [
        "test"
      ],
      "few_shots_split": null,
      "few_shots_select": "random_sampling_from_train",
      "generation_size": 1,
      "generation_grammar": null,
      "stop_sequence": [
        "\n"
      ],
      "num_samples": null,
      "suite": [
        "leaderboard",
        "arc"
      ],
      "original_num_docs": 1172,
      "effective_num_docs": 1172,
      "must_remove_duplicate_docs": false,
      "version": 0
    },
    "leaderboard|gsm8k": {
      "name": "gsm8k",
      "prompt_function": "gsm8k",
      "hf_repo": "gsm8k",
      "hf_subset": "main",
      "metric": [
        {
          "metric_name": "qem",
          "higher_is_better": true,
          "category": "3",
          "use_case": "5",
          "sample_level_fn": "compute",
          "corpus_level_fn": "mean"
        }
      ],
      "hf_revision": null,
      "hf_filter": null,
      "hf_avail_splits": [
        "train",
        "test"
      ],
      "trust_dataset": true,
      "evaluation_splits": [
        "test"
      ],
      "few_shots_split": null,
      "few_shots_select": "random_sampling_from_train",
      "generation_size": 256,
      "generation_grammar": null,
      "stop_sequence": [
        "Question=",
        "Question",
        "="
      ],
      "num_samples": null,
      "suite": [
        "leaderboard"
      ],
      "original_num_docs": 1319,
      "effective_num_docs": 1319,
      "must_remove_duplicate_docs": false,
      "version": 0
    },
    "leaderboard|hellaswag": {
      "name": "hellaswag",
      "prompt_function": "hellaswag_harness",
      "hf_repo": "hellaswag",
      "hf_subset": "default",
      "metric": [
        {
          "metric_name": "acc",
          "higher_is_better": true,
          "category": "8",
          "use_case": "1",
          "sample_level_fn": "compute",
          "corpus_level_fn": "mean"
        },
        {
          "metric_name": "acc_norm",
          "higher_is_better": true,
          "category": "8",
          "use_case": "1",
          "sample_level_fn": "compute",
          "corpus_level_fn": "mean"
        }
      ],
      "hf_revision": null,
      "hf_filter": null,
      "hf_avail_splits": [
        "train",
        "test",
        "validation"
      ],
      "trust_dataset": true,
      "evaluation_splits": [
        "validation"
      ],
      "few_shots_split": null,
      "few_shots_select": "random_sampling_from_train",
      "generation_size": -1,
      "generation_grammar": null,
      "stop_sequence": [
        "\n"
      ],
      "num_samples": null,
      "suite": [
        "leaderboard"
      ],
      "original_num_docs": 10042,
      "effective_num_docs": 10042,
      "must_remove_duplicate_docs": false,
      "version": 0
    },
    "leaderboard|truthfulqa:mc": {
      "name": "truthfulqa:mc",
      "prompt_function": "truthful_qa_multiple_choice",
      "hf_repo": "truthful_qa",
      "hf_subset": "multiple_choice",
      "metric": [
        {
          "metric_name": [
            "truthfulqa_mc1",
            "truthfulqa_mc2"
          ],
          "higher_is_better": {
            "truthfulqa_mc1": true,
            "truthfulqa_mc2": true
          },
          "category": "8",
          "use_case": "1",
          "sample_level_fn": "truthfulqa_mc_metrics",
          "corpus_level_fn": {
            "truthfulqa_mc1": "mean",
            "truthfulqa_mc2": "mean"
          }
        }
      ],
      "hf_revision": null,
      "hf_filter": null,
      "hf_avail_splits": [
        "validation"
      ],
      "trust_dataset": true,
      "evaluation_splits": [
        "validation"
      ],
      "few_shots_split": null,
      "few_shots_select": null,
      "generation_size": -1,
      "generation_grammar": null,
      "stop_sequence": [
        "\n"
      ],
      "num_samples": null,
      "suite": [
        "leaderboard"
      ],
      "original_num_docs": 817,
      "effective_num_docs": 817,
      "must_remove_duplicate_docs": false,
      "version": 0
    },
    "leaderboard|winogrande": {
      "name": "winogrande",
      "prompt_function": "winogrande",
      "hf_repo": "winogrande",
      "hf_subset": "winogrande_xl",
      "metric": [
        {
          "metric_name": "acc",
          "higher_is_better": true,
          "category": "8",
          "use_case": "1",
          "sample_level_fn": "compute",
          "corpus_level_fn": "mean"
        }
      ],
      "hf_revision": null,
      "hf_filter": null,
      "hf_avail_splits": [
        "train",
        "test",
        "validation"
      ],
      "trust_dataset": true,
      "evaluation_splits": [
        "validation"
      ],
      "few_shots_split": null,
      "few_shots_select": "random_sampling",
      "generation_size": -1,
      "generation_grammar": null,
      "stop_sequence": [
        "\n"
      ],
      "num_samples": null,
      "suite": [
        "leaderboard"
      ],
      "original_num_docs": 1267,
      "effective_num_docs": 1267,
      "must_remove_duplicate_docs": false,
      "version": 0
    }
  },
  "summary_tasks": {
    "leaderboard|arc:challenge|25": {
      "hashes": {
        "hash_examples": "17b0cae357c0259e",
        "hash_full_prompts": "045cbb916e5145c6",