{
  "config_general": {
    "lighteval_sha": "?",
    "num_fewshot_seeds": 1,
    "override_batch_size": 32,
    "max_samples": null,
    "job_id": 0,
    "start_time": 193529.815221142,
    "end_time": 238864.290759977,
    "total_evaluation_time_secondes": "45334.47553883502",
    "model_name": "meta-llama/Llama-3.1-8B-Instruct",
    "model_sha": "0e9e39f249a16976918f6564b8830bc894c89659",
    "model_dtype": "torch.bfloat16",
    "model_size": "14.96 GB"
  },
  "results": {
    "leaderboard|arc:challenge|25": {
      "acc": 0.5418088737201365,
      "acc_stderr": 0.014560220308714695,
      "acc_norm": 0.5895904436860068,
      "acc_norm_stderr": 0.014374922192642664
    },
    "leaderboard|hellaswag|10": {
      "acc": 0.5855407289384584,
      "acc_stderr": 0.004916216503770337,
      "acc_norm": 0.7895837482573193,
      "acc_norm_stderr": 0.0040677125640782895
    },
    "leaderboard|truthfulqa:mc|0": {
      "truthfulqa_mc1": 0.3574051407588739,
      "truthfulqa_mc1_stderr": 0.016776599676729398,
      "truthfulqa_mc2": 0.5166003868064938,
      "truthfulqa_mc2_stderr": 0.015003687884310954
    },
    "leaderboard|winogrande|5": {
      "acc": 0.739542225730071,
      "acc_stderr": 0.012334833671998294
    },
    "leaderboard|gsm8k|5": {
      "qem": 0.000758150113722517,
      "qem_stderr": 0.0007581501137225408
    },
    "all": {
      "acc": 0.6222972761295553,
      "acc_stderr": 0.010603756828161108,
      "acc_norm": 0.689587095971663,
      "acc_norm_stderr": 0.009221317378360476,
      "truthfulqa_mc1": 0.3574051407588739,
      "truthfulqa_mc1_stderr": 0.016776599676729398,
      "truthfulqa_mc2": 0.5166003868064938,
      "truthfulqa_mc2_stderr": 0.015003687884310954,
      "qem": 0.000758150113722517,
      "qem_stderr": 0.0007581501137225408
    }
  },
  "versions": {
    "leaderboard|arc:challenge|25": 0,
    "leaderboard|gsm8k|5": 0,
    "leaderboard|hellaswag|10": 0,
    "leaderboard|truthfulqa:mc|0": 0,
    "leaderboard|winogrande|5": 0
  },
  "config_tasks": {
    "leaderboard|arc:challenge": {
      "name": "arc:challenge",
      "prompt_function": "arc",
      "hf_repo": "ai2_arc",
      "hf_subset": "ARC-Challenge",
      "metric": [
        {
          "metric_name": "acc",
          "higher_is_better": true,
          "category": "8",
          "use_case": "1",
          "sample_level_fn": "compute",
          "corpus_level_fn": "mean"
        },
        {
          "metric_name": "acc_norm",
          "higher_is_better": true,
          "category": "8",
          "use_case": "1",
          "sample_level_fn": "compute",
          "corpus_level_fn": "mean"
        }
      ],
      "hf_revision": null,
      "hf_filter": null,
      "hf_avail_splits": [
        "train",
        "test"
      ],
      "trust_dataset": true,
      "evaluation_splits": [
        "test"
      ],
      "few_shots_split": null,
      "few_shots_select": "random_sampling_from_train",
      "generation_size": 1,
      "generation_grammar": null,
      "stop_sequence": [
        "\n"
      ],
      "num_samples": null,
      "suite": [
        "leaderboard",
        "arc"
      ],
      "original_num_docs": 1172,
      "effective_num_docs": 1172,
      "must_remove_duplicate_docs": false,
      "version": 0
    },
    "leaderboard|gsm8k": {
      "name": "gsm8k",
      "prompt_function": "gsm8k",
      "hf_repo": "gsm8k",
      "hf_subset": "main",
      "metric": [
        {
          "metric_name": "qem",
          "higher_is_better": true,
          "category": "3",
          "use_case": "5",
          "sample_level_fn": "compute",
          "corpus_level_fn": "mean"
        }
      ],
      "hf_revision": null,
      "hf_filter": null,
      "hf_avail_splits": [
        "train",
        "test"
      ],
      "trust_dataset": true,
      "evaluation_splits": [
        "test"
      ],
      "few_shots_split": null,
      "few_shots_select": "random_sampling_from_train",
      "generation_size": 256,
      "generation_grammar": null,
      "stop_sequence": [
        "Question=",
        "Question",
        "="
      ],
      "num_samples": null,
      "suite": [
        "leaderboard"
      ],
      "original_num_docs": 1319,
      "effective_num_docs": 1319,
      "must_remove_duplicate_docs": false,
      "version": 0
    },
    "leaderboard|hellaswag": {
      "name": "hellaswag",
      "prompt_function": "hellaswag_harness",
      "hf_repo": "hellaswag",
      "hf_subset": "default",
      "metric": [
        {
          "metric_name": "acc",
          "higher_is_better": true,
          "category": "8",
          "use_case": "1",
          "sample_level_fn": "compute",
          "corpus_level_fn": "mean"
        },
        {
          "metric_name": "acc_norm",
          "higher_is_better": true,
          "category": "8",
          "use_case": "1",
          "sample_level_fn": "compute",
          "corpus_level_fn": "mean"
        }
      ],
      "hf_revision": null,
      "hf_filter": null,
      "hf_avail_splits": [
        "train",
        "test",
        "validation"
      ],
      "trust_dataset": true,
      "evaluation_splits": [
        "validation"
      ],
      "few_shots_split": null,
      "few_shots_select": "random_sampling_from_train",
      "generation_size": -1,
      "generation_grammar": null,
      "stop_sequence": [
        "\n"
      ],
      "num_samples": null,
      "suite": [
        "leaderboard"
      ],
      "original_num_docs": 10042,
      "effective_num_docs": 10042,
      "must_remove_duplicate_docs": false,
      "version": 0
    },
    "leaderboard|truthfulqa:mc": {
      "name": "truthfulqa:mc",
      "prompt_function": "truthful_qa_multiple_choice",
      "hf_repo": "truthful_qa",
      "hf_subset": "multiple_choice",
      "metric": [
        {
          "metric_name": [
            "truthfulqa_mc1",
            "truthfulqa_mc2"
          ],
          "higher_is_better": {
            "truthfulqa_mc1": true,
            "truthfulqa_mc2": true
          },
          "category": "8",
          "use_case": "1",
          "sample_level_fn": "truthfulqa_mc_metrics",
          "corpus_level_fn": {
            "truthfulqa_mc1": "mean",
            "truthfulqa_mc2": "mean"
          }
        }
      ],
      "hf_revision": null,
      "hf_filter": null,
      "hf_avail_splits": [
        "validation"
      ],
      "trust_dataset": true,
      "evaluation_splits": [
        "validation"
      ],
      "few_shots_split": null,
      "few_shots_select": null,
      "generation_size": -1,
      "generation_grammar": null,
      "stop_sequence": [
        "\n"
      ],
      "num_samples": null,
      "suite": [
        "leaderboard"
      ],
      "original_num_docs": 817,
      "effective_num_docs": 817,
      "must_remove_duplicate_docs": false,
      "version": 0
    },
    "leaderboard|winogrande": {
      "name": "winogrande",
      "prompt_function": "winogrande",
      "hf_repo": "winogrande",
      "hf_subset": "winogrande_xl",
      "metric": [
        {
          "metric_name": "acc",
          "higher_is_better": true,
          "category": "8",
          "use_case": "1",
          "sample_level_fn": "compute",
          "corpus_level_fn": "mean"
        }
      ],
      "hf_revision": null,
      "hf_filter": null,
      "hf_avail_splits": [
        "train",
        "test",
        "validation"
      ],
      "trust_dataset": true,
      "evaluation_splits": [
        "validation"
      ],
      "few_shots_split": null,
      "few_shots_select": "random_sampling",
      "generation_size": -1,
      "generation_grammar": null,
      "stop_sequence": [
        "\n"
      ],
      "num_samples": null,
      "suite": [
        "leaderboard"
      ],
      "original_num_docs": 1267,
      "effective_num_docs": 1267,
      "must_remove_duplicate_docs": false,
      "version": 0
    }
  },