{
  "config_general": {
    "lighteval_sha": "?",
    "num_fewshot_seeds": 1,
    "override_batch_size": 32,
    "max_samples": null,
    "job_id": 0,
    "start_time": 515351.361266587,
    "end_time": 525306.697495123,
    "total_evaluation_time_secondes": "9955.336228536034",
    "model_name": "meta-llama/Llama-3.1-8B-Instruct",
    "model_sha": "0e9e39f249a16976918f6564b8830bc894c89659",
    "model_dtype": "torch.bfloat16",
    "model_size": "3.7 GB"
  },
  "results": {
    "leaderboard|arc:challenge|25": {
      "acc": 0.19880546075085323,
      "acc_stderr": 0.01166285019817553,
      "acc_norm": 0.2431740614334471,
      "acc_norm_stderr": 0.012536554144587089
    },
    "leaderboard|hellaswag|10": {
      "acc": 0.2664807807209719,
      "acc_stderr": 0.004412149415717922,
      "acc_norm": 0.27126070503883687,
      "acc_norm_stderr": 0.004437016600956917
    },
    "leaderboard|truthfulqa:mc|0": {
      "truthfulqa_mc1": 0.25458996328029376,
      "truthfulqa_mc1_stderr": 0.015250117079156482,
      "truthfulqa_mc2": 0.5127489067381474,
      "truthfulqa_mc2_stderr": 0.016309592594582676
    },
    "leaderboard|winogrande|5": {
      "acc": 0.47987371744277824,
      "acc_stderr": 0.014041096664344326
    },
    "leaderboard|gsm8k|5": {
      "qem": 0.0,
      "qem_stderr": 0.0
    },
    "all": {
      "acc": 0.3150533196382011,
      "acc_stderr": 0.010038698759412592,
      "acc_norm": 0.25721738323614196,
      "acc_norm_stderr": 0.008486785372772003,
      "truthfulqa_mc1": 0.25458996328029376,
      "truthfulqa_mc1_stderr": 0.015250117079156482,
      "truthfulqa_mc2": 0.5127489067381474,
      "truthfulqa_mc2_stderr": 0.016309592594582676,
      "qem": 0.0,
      "qem_stderr": 0.0
    }
  },
  "versions": {
    "leaderboard|arc:challenge|25": 0,
    "leaderboard|gsm8k|5": 0,
    "leaderboard|hellaswag|10": 0,
    "leaderboard|truthfulqa:mc|0": 0,
    "leaderboard|winogrande|5": 0
  },
  "config_tasks": {
    "leaderboard|arc:challenge": {
      "name": "arc:challenge",
      "prompt_function": "arc",
      "hf_repo": "ai2_arc",
      "hf_subset": "ARC-Challenge",
      "metric": [
        {
          "metric_name": "acc",
          "higher_is_better": true,
          "category": "8",
          "use_case": "1",
          "sample_level_fn": "compute",
          "corpus_level_fn": "mean"
        },
        {
          "metric_name": "acc_norm",
          "higher_is_better": true,
          "category": "8",
          "use_case": "1",
          "sample_level_fn": "compute",
          "corpus_level_fn": "mean"
        }
      ],
      "hf_revision": null,
      "hf_filter": null,
      "hf_avail_splits": [
        "train",
        "test"
      ],
      "trust_dataset": true,
      "evaluation_splits": [
        "test"
      ],
      "few_shots_split": null,
      "few_shots_select": "random_sampling_from_train",
      "generation_size": 1,
      "generation_grammar": null,
      "stop_sequence": [
        "\n"
      ],
      "num_samples": null,
      "suite": [
        "leaderboard",
        "arc"
      ],
      "original_num_docs": 1172,
      "effective_num_docs": 1172,
      "must_remove_duplicate_docs": false,
      "version": 0
    },
    "leaderboard|gsm8k": {
      "name": "gsm8k",
      "prompt_function": "gsm8k",
      "hf_repo": "gsm8k",
      "hf_subset": "main",
      "metric": [
        {
          "metric_name": "qem",
          "higher_is_better": true,
          "category": "3",
          "use_case": "5",
          "sample_level_fn": "compute",
          "corpus_level_fn": "mean"
        }
      ],
      "hf_revision": null,
      "hf_filter": null,
      "hf_avail_splits": [
        "train",
        "test"
      ],
      "trust_dataset": true,
      "evaluation_splits": [
        "test"
      ],
      "few_shots_split": null,
      "few_shots_select": "random_sampling_from_train",
      "generation_size": 256,
      "generation_grammar": null,
      "stop_sequence": [
        "Question=",
        "Question",
        "="
      ],
      "num_samples": null,
      "suite": [
        "leaderboard"
      ],
      "original_num_docs": 1319,
      "effective_num_docs": 1319,
      "must_remove_duplicate_docs": false,
      "version": 0
    },
    "leaderboard|hellaswag": {
      "name": "hellaswag",
      "prompt_function": "hellaswag_harness",
      "hf_repo": "hellaswag",
      "hf_subset": "default",
      "metric": [
        {
          "metric_name": "acc",
          "higher_is_better": true,
          "category": "8",
          "use_case": "1",
          "sample_level_fn": "compute",
          "corpus_level_fn": "mean"
        },
        {
          "metric_name": "acc_norm",
          "higher_is_better": true,
          "category": "8",
          "use_case": "1",
          "sample_level_fn": "compute",
          "corpus_level_fn": "mean"
        }
      ],
      "hf_revision": null,
      "hf_filter": null,
      "hf_avail_splits": [
        "train",
        "test",
        "validation"
      ],
      "trust_dataset": true,
      "evaluation_splits": [
        "validation"
      ],
      "few_shots_split": null,
      "few_shots_select": "random_sampling_from_train",
      "generation_size": -1,
      "generation_grammar": null,
      "stop_sequence": [
        "\n"
      ],
      "num_samples": null,
      "suite": [
        "leaderboard"
      ],
      "original_num_docs": 10042,
      "effective_num_docs": 10042,
      "must_remove_duplicate_docs": false,
      "version": 0
    },
    "leaderboard|truthfulqa:mc": {
      "name": "truthfulqa:mc",
      "prompt_function": "truthful_qa_multiple_choice",
      "hf_repo": "truthful_qa",
      "hf_subset": "multiple_choice",
      "metric": [
        {
          "metric_name": [
            "truthfulqa_mc1",
            "truthfulqa_mc2"
          ],
          "higher_is_better": {
            "truthfulqa_mc1": true,
            "truthfulqa_mc2": true
          },
          "category": "8",
          "use_case": "1",
          "sample_level_fn": "truthfulqa_mc_metrics",
          "corpus_level_fn": {
            "truthfulqa_mc1": "mean",
            "truthfulqa_mc2": "mean"
          }
        }
      ],
      "hf_revision": null,
      "hf_filter": null,
      "hf_avail_splits": [
        "validation"
      ],
      "trust_dataset": true,
      "evaluation_splits": [
        "validation"
      ],
      "few_shots_split": null,
      "few_shots_select": null,
      "generation_size": -1,
      "generation_grammar": null,
      "stop_sequence": [
        "\n"
      ],
      "num_samples": null,
      "suite": [
        "leaderboard"
      ],
      "original_num_docs": 817,
      "effective_num_docs": 817,
      "must_remove_duplicate_docs": false,
      "version": 0
    },
    "leaderboard|winogrande": {
      "name": "winogrande",
      "prompt_function": "winogrande",
      "hf_repo": "winogrande",
      "hf_subset": "winogrande_xl",
      "metric": [
        {
          "metric_name": "acc",
          "higher_is_better": true,
          "category": "8",
          "use_case": "1",
          "sample_level_fn": "compute",
          "corpus_level_fn": "mean"
        }
      ],
      "hf_revision": null,
      "hf_filter": null,
      "hf_avail_splits": [
        "train",
        "test",
        "validation"
      ],
      "trust_dataset": true,
      "evaluation_splits": [
        "validation"
      ],
      "few_shots_split": null,
      "few_shots_select": "random_sampling",
      "generation_size": -1,
      "generation_grammar": null,
      "stop_sequence": [
        "\n"
      ],
      "num_samples": null,
      "suite": [
        "leaderboard"
      ],
      "original_num_docs": 1267,
      "effective_num_docs": 1267,
      "must_remove_duplicate_docs": false,
      "version": 0
    }
  },
  "summary_tasks": {
    "leaderboard|arc:challenge|25": {
      "hashes": {
        "hash_examples": "17b0cae357c0259e",
        "hash_full_prompts": "045cbb916e5145c6",