{
  "config_general": {
    "lighteval_sha": "?",
    "num_fewshot_seeds": 1,
    "override_batch_size": -1,
    "max_samples": null,
    "job_id": 0,
    "start_time": 437772.452144586,
    "end_time": 482880.511684074,
    "total_evaluation_time_secondes": "45108.05953948799",
    "model_name": "meta-llama/Llama-3.1-70B-Instruct",
    "model_sha": "1605565b47bb9346c5515c34102e054115b4f98b",
    "model_dtype": "torch.bfloat16",
    "model_size": "131.42 GB"
  },
  "results": {
    "leaderboard|arc:challenge|25": {
      "acc": 0.6732081911262798,
      "acc_stderr": 0.013706665975587333,
      "acc_norm": 0.7090443686006825,
      "acc_norm_stderr": 0.013273077865907593
    },
    "leaderboard|hellaswag|10": {
      "acc": 0.6666002788289186,
      "acc_stderr": 0.0047046452145065466,
      "acc_norm": 0.8696474805815575,
      "acc_norm_stderr": 0.0033600276617653945
    },
    "leaderboard|truthfulqa:mc|0": {
      "truthfulqa_mc1": 0.41615667074663404,
      "truthfulqa_mc1_stderr": 0.017255657502903043,
      "truthfulqa_mc2": 0.6068239497095645,
      "truthfulqa_mc2_stderr": 0.014661111720816734
    },
    "leaderboard|winogrande|5": {
      "acc": 0.824782951854775,
      "acc_stderr": 0.01068417922770617
    },
    "leaderboard|gsm8k|5": {
      "qem": 0.000758150113722517,
      "qem_stderr": 0.0007581501137225225
    },
    "all": {
      "acc": 0.7215304739366578,
      "acc_stderr": 0.009698496805933349,
      "acc_norm": 0.7893459245911201,
      "acc_norm_stderr": 0.008316552763836494,
      "truthfulqa_mc1": 0.41615667074663404,
      "truthfulqa_mc1_stderr": 0.017255657502903043,
      "truthfulqa_mc2": 0.6068239497095645,
      "truthfulqa_mc2_stderr": 0.014661111720816734,
      "qem": 0.000758150113722517,
      "qem_stderr": 0.0007581501137225225
    }
  },
  "versions": {
    "leaderboard|arc:challenge|25": 0,
    "leaderboard|gsm8k|5": 0,
    "leaderboard|hellaswag|10": 0,
    "leaderboard|truthfulqa:mc|0": 0,
    "leaderboard|winogrande|5": 0
  },
  "config_tasks": {
    "leaderboard|arc:challenge": {
      "name": "arc:challenge",
      "prompt_function": "arc",
      "hf_repo": "ai2_arc",
      "hf_subset": "ARC-Challenge",
      "metric": [
        {
          "metric_name": "acc",
          "higher_is_better": true,
          "category": "8",
          "use_case": "1",
          "sample_level_fn": "compute",
          "corpus_level_fn": "mean"
        },
        {
          "metric_name": "acc_norm",
          "higher_is_better": true,
          "category": "8",
          "use_case": "1",
          "sample_level_fn": "compute",
          "corpus_level_fn": "mean"
        }
      ],
      "hf_revision": null,
      "hf_filter": null,
      "hf_avail_splits": [
        "train",
        "test"
      ],
      "trust_dataset": true,
      "evaluation_splits": [
        "test"
      ],
      "few_shots_split": null,
      "few_shots_select": "random_sampling_from_train",
      "generation_size": 1,
      "generation_grammar": null,
      "stop_sequence": [
        "\n"
      ],
      "num_samples": null,
      "suite": [
        "leaderboard",
        "arc"
      ],
      "original_num_docs": 1172,
      "effective_num_docs": 1172,
      "must_remove_duplicate_docs": false,
      "version": 0
    },
    "leaderboard|gsm8k": {
      "name": "gsm8k",
      "prompt_function": "gsm8k",
      "hf_repo": "gsm8k",
      "hf_subset": "main",
      "metric": [
        {
          "metric_name": "qem",
          "higher_is_better": true,
          "category": "3",
          "use_case": "5",
          "sample_level_fn": "compute",
          "corpus_level_fn": "mean"
        }
      ],
      "hf_revision": null,
      "hf_filter": null,
      "hf_avail_splits": [
        "train",
        "test"
      ],
      "trust_dataset": true,
      "evaluation_splits": [
        "test"
      ],
      "few_shots_split": null,
      "few_shots_select": "random_sampling_from_train",
      "generation_size": 256,
      "generation_grammar": null,
      "stop_sequence": [
        "Question=",
        "Question",
        "="
      ],
      "num_samples": null,
      "suite": [
        "leaderboard"
      ],
      "original_num_docs": 1319,
      "effective_num_docs": 1319,
      "must_remove_duplicate_docs": false,
      "version": 0
    },
    "leaderboard|hellaswag": {
      "name": "hellaswag",
      "prompt_function": "hellaswag_harness",
      "hf_repo": "hellaswag",
      "hf_subset": "default",
      "metric": [
        {
          "metric_name": "acc",
          "higher_is_better": true,
          "category": "8",
          "use_case": "1",
          "sample_level_fn": "compute",
          "corpus_level_fn": "mean"
        },
        {
          "metric_name": "acc_norm",
          "higher_is_better": true,
          "category": "8",
          "use_case": "1",
          "sample_level_fn": "compute",
          "corpus_level_fn": "mean"
        }
      ],
      "hf_revision": null,
      "hf_filter": null,
      "hf_avail_splits": [
        "train",
        "test",
        "validation"
      ],
      "trust_dataset": true,
      "evaluation_splits": [
        "validation"
      ],
      "few_shots_split": null,
      "few_shots_select": "random_sampling_from_train",
      "generation_size": -1,
      "generation_grammar": null,
      "stop_sequence": [
        "\n"
      ],
      "num_samples": null,
      "suite": [
        "leaderboard"
      ],
      "original_num_docs": 10042,
      "effective_num_docs": 10042,
      "must_remove_duplicate_docs": false,
      "version": 0
    },
    "leaderboard|truthfulqa:mc": {
      "name": "truthfulqa:mc",
      "prompt_function": "truthful_qa_multiple_choice",
      "hf_repo": "truthful_qa",
      "hf_subset": "multiple_choice",
      "metric": [
        {
          "metric_name": [
            "truthfulqa_mc1",
            "truthfulqa_mc2"
          ],
          "higher_is_better": {
            "truthfulqa_mc1": true,
            "truthfulqa_mc2": true
          },
          "category": "8",
          "use_case": "1",
          "sample_level_fn": "truthfulqa_mc_metrics",
          "corpus_level_fn": {
            "truthfulqa_mc1": "mean",
            "truthfulqa_mc2": "mean"
          }
        }
      ],
      "hf_revision": null,
      "hf_filter": null,
      "hf_avail_splits": [
        "validation"
      ],
      "trust_dataset": true,
      "evaluation_splits": [
        "validation"
      ],
      "few_shots_split": null,
      "few_shots_select": null,
      "generation_size": -1,
      "generation_grammar": null,
      "stop_sequence": [
        "\n"
      ],
      "num_samples": null,
      "suite": [
        "leaderboard"
      ],
      "original_num_docs": 817,
      "effective_num_docs": 817,
      "must_remove_duplicate_docs": false,
      "version": 0
    },
    "leaderboard|winogrande": {
      "name": "winogrande",
      "prompt_function": "winogrande",
      "hf_repo": "winogrande",
      "hf_subset": "winogrande_xl",
      "metric": [
        {
          "metric_name": "acc",
          "higher_is_better": true,
          "category": "8",
          "use_case": "1",
          "sample_level_fn": "compute",
          "corpus_level_fn": "mean"
        }
      ],
      "hf_revision": null,
      "hf_filter": null,
      "hf_avail_splits": [
        "train",
        "test",
        "validation"
      ],
      "trust_dataset": true,
      "evaluation_splits": [
        "validation"
      ],
      "few_shots_split": null,
      "few_shots_select": "random_sampling",
      "generation_size": -1,
      "generation_grammar": null,
      "stop_sequence": [
        "\n"
      ],
      "num_samples": null,
      "suite": [
        "leaderboard"
      ],
      "original_num_docs": 1267,
      "effective_num_docs": 1267,
      "must_remove_duplicate_docs": false,
      "version": 0
    }
  },